{
  "model": "RandomForest",
  "test_rmse": 4.630387672754837,
  "test_mae": 3.0609999999999977,
  "test_mape": 3.157678965490919,
  "test_r2": 0.9891815232309369,
  "cv_r2_mean": 0.9763275536637019,
  "cv_r2_std": 0.02567288143949048,
  "params": {
    "max_depth": null,
    "min_samples_split": 2,
    "n_estimators": 100
  },
  "feature_importances": [
    0.1884902360023309,
    0.1386503308482299,
    0.16012713814731344,
    0.09961811945493776,
    0.17135215827516448,
    0.1370518603016215,
    0.0004144133469109445,
    0.0007246366360118109,
    0.0008145256293773774,
    0.00015784075221663283,
    0.06100764293530433,
    0.018479075256627116,
    0.023112022413953773
  ],
  "units": "mm"
}