{
  "model": "RandomForest",
  "test_rmse": 11.885445406041779,
  "test_mae": 9.822499999999991,
  "test_mape": 3.211066577196571,
  "test_r2": 0.9897056120244184,
  "cv_r2_mean": 0.9787246180913067,
  "cv_r2_std": 0.01581895245503302,
  "params": {
    "max_depth": null,
    "min_samples_split": 2,
    "n_estimators": 200
  },
  "feature_importances": [
    0.16843847809706142,
    0.12647462048295538,
    0.16819973323402101,
    0.12590747610387648,
    0.13456296481430624,
    0.1509786037091152,
    0.001109727496412333,
    0.0009531298487981889,
    0.000798773630181179,
    0.00016635197955763978,
    0.028695884325306387,
    0.02120239321584677,
    0.07251186306256152
  ],
  "units": "kg"
}