{
  "model": "RandomForest",
  "test_rmse": 11.885445406041779,
  "test_mae": 9.822499999999991,
  "test_mape": 3.211066577196571,
  "test_r2": 0.9897056120244184,
  "cv_r2_mean": 0.9787246180913067,
  "cv_r2_std": 0.01581895245503302,
  "best_params": {
    "max_depth": null,
    "min_samples_split": 2,
    "n_estimators": 200
  },
  "timestamp": "2025-07-04T19:48:55.702057",
  "version": "20250704194855"
}